股票代码,股票简称,最新价,最新涨跌幅,涨停[20250718],首次涨停时间[20250718],最终涨停时间[20250718],涨停明细数据[20250718],连续涨停天数[20250718],涨停原因类别[20250718],涨停封单量[20250718],涨停封单额[20250718],涨停封单量占成交量比[20250718],涨停封单量占流通a股比[20250718],涨停开板次数[20250718],a股市值(不含限售股)[20250718],几天几板[20250718],涨停类型[20250718],market_code,code
600444.SH,国机通用,19.06,9.982688979,涨停, 09:54:31, 09:57:16,"[{""code"":""600444.SH"",""time"":1752803671000,""openTime"":1752803806000,""duration"":132000,""updatedTime"":1752803806000,""firstVol"":1.47415E7,""highestVol"":1.62918E7,""firstVolDivLTGB"":0.10067822353279698,""firstVolDivVol"":3.285637,""highestVolDivLTGB"":0.11126611824791384,""highestVolDivVol"":3.611292},{""code"":""600444.SH"",""time"":1752803815000,""openTime"":1752803833000,""duration"":15000,""updatedTime"":1752803833000,""firstVol"":9392300.0,""highestVol"":9392300.0,""firstVolDivLTGB"":0.06414544509629883,""firstVolDivVol"":1.148393,""highestVolDivLTGB"":0.06414544509629883,""highestVolDivVol"":1.148393},{""code"":""600444.SH"",""time"":1752803836000,""openTime"":null,""duration"":12774000,""updatedTime"":1752823900000,""firstVol"":3992200.0,""highestVol"":9914300.0,""firstVolDivLTGB"":0.027265041141514238,""firstVolDivVol"":0.44567,""highestVolDivLTGB"":0.06771048479267437,""highestVolDivVol"":0.923407}]",1,盐湖提锂+可控核聚变+流体机械+国企改革,1492500,28447050,9.963185279398756,1.0193145108889836,2,2790802000.000,首板涨停,放量涨停,17,600444
600826.SH,兰生股份,14.49,10.022779043,涨停, 09:43:17, 14:54:44,"[{""code"":""600826.SH"",""time"":1752802997000,""openTime"":1752803009000,""duration"":9000,""updatedTime"":1752803009000,""firstVol"":6326616.0,""highestVol"":6326616.0,""firstVolDivLTGB"":0.008601396916022928,""firstVolDivVol"":0.140642,""highestVolDivLTGB"":0.008601396916022928,""highestVolDivVol"":0.140642},{""code"":""600826.SH"",""time"":1752803021000,""openTime"":1752804131000,""duration"":1107000,""updatedTime"":1752804131000,""firstVol"":2637733.0,""highestVol"":8525340.0,""firstVolDivLTGB"":0.0035861491343068567,""firstVolDivVol"":0.0555,""highestVolDivLTGB"":0.011590688163158143,""highestVolDivVol"":0.177667},{""code"":""600826.SH"",""time"":1752804308000,""openTime"":1752804320000,""duration"":9000,""updatedTime"":1752804320000,""firstVol"":2361373.0,""highestVol"":2799273.0,""firstVolDivLTGB"":0.003210421881109872,""firstVolDivVol"":0.039146,""highestVolDivLTGB"":0.0038057720192447675,""highestVolDivVol"":0.046353},{""code"":""600826.SH"",""time"":1752804776000,""openTime"":1752804788000,""duration"":9000,""updatedTime"":1752804788000,""firstVol"":661218.0,""highestVol"":2633518.0,""firstVolDivLTGB"":8.989637534534812E-4,""firstVolDivVol"":0.009713,""highestVolDivLTGB"":0.003580418600321384,""highestVolDivVol"":0.038663},{""code"":""600826.SH"",""time"":1752804869000,""openTime"":1752805382000,""duration"":510000,""updatedTime"":1752805382000,""firstVol"":164460.0,""highestVol"":5048450.0,""firstVolDivLTGB"":2.235927922303378E-4,""firstVolDivVol"":0.002318,""highestVolDivLTGB"":0.006863657010429581,""highestVolDivVol"":0.070642},{""code"":""600826.SH"",""time"":1752805664000,""openTime"":1752805700000,""duration"":33000,""updatedTime"":1752805700000,""firstVol"":4250.0,""highestVol"":405650.0,""firstVolDivLTGB"":5.7781184906903545E-6,""firstVolDivVol"":5.7E-5,""highestVolDivLTGB"":5.515044154702453E-4,""highestVolDivVol"":0.005393},{""code"":""600826.SH"",""time"":1752805718000,""openTime"":1752805736000,""duration"":15000,""updatedTime"":1752805736000,""firstVol"":169350.0,""highestVol"":222950.0,""firstVolDivLTGB"":2.3024102738786154E-4,""firstVolDivVol"":0.002233,""highestVolDivLTGB"":3.031132982351564E-4,""highestVolDivVol"":0.002939},{""code"":""600826.SH"",""time"":1752807080000,""openTime"":1752807179000,""duration"":96000,""updatedTime"":1752807179000,""firstVol"":182787.0,""highestVol"":3592067.0,""firstVolDivLTGB"":2.485093987194866E-4,""firstVolDivVol"":0.002186,""highestVolDivLTGB"":0.004883620882940854,""highestVolDivVol"":0.042865},{""code"":""600826.SH"",""time"":1752821684000,""openTime"":null,""duration"":318000,""updatedTime"":1752823880000,""firstVol"":895813.0,""highestVol"":6405730.0,""firstVolDivLTGB"":0.0012179090963531291,""firstVolDivVol"":0.006857,""highestVolDivLTGB"":0.008708956931616453,""highestVolDivVol"":0.048774}]",6,AI智能体+出口数据上链+会展运营+上海国企,6095264,88320375.36,4.629593389752581,0.8286860617421001,8,10657881100.000,6天6板,放量涨停,17,600826
600620.SH,天宸股份,7.74,9.943181818,涨停, 13:45:41, 13:45:41,"[{""code"":""600620.SH"",""time"":1752817541000,""openTime"":null,""duration"":4461000,""updatedTime"":1752823886000,""firstVol"":1.814501E7,""highestVol"":2.677441E7,""firstVolDivLTGB"":0.026424369847899677,""firstVolDivVol"":0.294777,""highestVolDivLTGB"":0.03899126604500651,""highestVolDivVol"":0.428628}]",3,房产销售+光储一体+中报预增,7592799,58768264.26,9.80523419917578,1.1057306055866756,0,5314880900.000,3天3板,放量涨停,17,600620
688660.SH,电气风电,10.12,20.047449585,涨停, 14:03:32, 14:03:32,"[{""code"":""688660.SH"",""time"":1752818612000,""openTime"":null,""duration"":3390000,""updatedTime"":1752823910000,""firstVol"":1.0996122E7,""highestVol"":2.0041165E7,""firstVolDivLTGB"":0.008247091087645446,""firstVolDivVol"":0.211569,""highestVolDivLTGB"":0.01503087299845635,""highestVolDivVol"":0.381425}]",1,上海微电子相关+风电+上海国资,7119095,72045241.4,11.756825068737452,0.533932098303395,0,13493334000.000,首板涨停,放量涨停,17,688660
001360.SZ,南矿集团,15.61,10.007047216,涨停, 10:06:21, 10:12:54,"[{""code"":""001360.SZ"",""time"":1752804381000,""openTime"":1752804762000,""duration"":378000,""updatedTime"":1752804762000,""firstVol"":2.9147438E7,""highestVol"":2.9294338E7,""firstVolDivLTGB"":0.3564077959973806,""firstVolDivVol"":7.923499,""highestVolDivLTGB"":0.3582040535357624,""highestVolDivVol"":7.640658},{""code"":""001360.SZ"",""time"":1752804774000,""openTime"":null,""duration"":11868000,""updatedTime"":1752824658000,""firstVol"":1.7514908E7,""highestVol"":1.9289808E7,""firstVolDivLTGB"":0.21416804308416026,""firstVolDivVol"":2.030785,""highestVolDivLTGB"":0.23587108940733112,""highestVolDivVol"":2.213226}]",1,服务合同+金属回收+破碎设备+战略转型,594423,9278943.03,4.523087971646266,0.7268460141167501,1,1276603690.000,首板涨停,放量涨停,33,001360
002940.SZ,昂利康,49.6,10.002217787,涨停, 13:47:45, 13:47:45,"[{""code"":""002940.SZ"",""time"":1752817665000,""openTime"":null,""duration"":4335000,""updatedTime"":1752824664000,""firstVol"":3535354.0,""highestVol"":3535354.0,""firstVolDivLTGB"":0.019081608899682332,""firstVolDivVol"":0.249835,""highestVolDivLTGB"":0.019081608899682332,""highestVolDivVol"":0.249835}]",1,化学制药+创新药+特色中间体,895725,44427960,5.517459095283927,0.48345580475584493,0,9189663200.000,首板涨停,放量涨停,33,002940
002645.SZ,华宏科技,14.33,9.976976209,涨停, 10:06:12, 10:06:12,"[{""code"":""002645.SZ"",""time"":1752804372000,""openTime"":null,""duration"":12288000,""updatedTime"":1752824700000,""firstVol"":2.4663107E7,""highestVol"":2.8672907E7,""firstVolDivLTGB"":0.04808915604667477,""firstVolDivVol"":0.247694,""highestVolDivLTGB"":0.055907631550023006,""highestVolDivVol"":0.285912}]",1,稀土永磁+机器人应用+中报预增,6639200,95139736,5.907004415190414,1.294538943633838,0,7349314300.000,6天5板,放量涨停,33,002645
002240.SZ,盛新锂能,14.41,10,涨停, 09:43:27, 10:47:00,"[{""code"":""002240.SZ"",""time"":1752803007000,""openTime"":1752806745000,""duration"":3735000,""updatedTime"":1752806745000,""firstVol"":1.061568E8,""highestVol"":1.164168E8,""firstVolDivLTGB"":0.1225435990478828,""firstVolDivVol"":3.441602,""highestVolDivLTGB"":0.13438737472905704,""highestVolDivVol"":3.653511},{""code"":""002240.SZ"",""time"":1752806820000,""openTime"":null,""duration"":9822000,""updatedTime"":1752824658000,""firstVol"":2.1189E7,""highestVol"":3.17531E7,""firstVolDivLTGB"":0.02445982094623791,""firstVolDivVol"":0.37585,""highestVolDivLTGB"":0.0366546387506719,""highestVolDivVol"":0.561468}]",1,金属锂+固态电池+回购,4789278,69013495.98,7.342886790864385,0.5528570595203002,1,12483063200.000,首板涨停,放量涨停,33,002240
300588.SZ,熙菱信息,18.77,20.012787724,涨停, 13:10:51, 13:10:51,"[{""code"":""300588.SZ"",""time"":1752815451000,""openTime"":null,""duration"":6549000,""updatedTime"":1752824715000,""firstVol"":7.71967E7,""highestVol"":7.75282E7,""firstVolDivLTGB"":0.43657851909063594,""firstVolDivVol"":2.34076,""highestVolDivLTGB"":0.43845328548710816,""highestVolDivVol"":2.329592}]",1,网络安全+智慧政务+华为+新签增长,7340080,137773301.6,19.367246243223946,4.151111713851492,0,3318949500.000,首板涨停,放量涨停,33,300588
300631.SZ,久吾高科,33.65,20.007132668,涨停, 10:22:18, 10:22:18,"[{""code"":""300631.SZ"",""time"":1752805338000,""openTime"":null,""duration"":11313000,""updatedTime"":1752824709000,""firstVol"":3.6523176E7,""highestVol"":3.9082176E7,""firstVolDivLTGB"":0.30283563832682237,""firstVolDivVol"":1.540243,""highestVolDivLTGB"":0.3240538477858885,""highestVolDivVol"":1.639669}]",1,盐湖提锂+稀土,2926885,98489680.25,10.056809289187234,2.426856545236377,0,4058323100.000,首板涨停,放量涨停,33,300631
600774.SH,汉商集团,10.92,9.96978852,涨停, 09:25:03, 09:25:03,"[{""code"":""600774.SH"",""time"":1752801903000,""openTime"":null,""duration"":14464000,""updatedTime"":1752823890000,""firstVol"":2.480817E7,""highestVol"":2.480817E7,""firstVolDivLTGB"":0.08414051925299644,""firstVolDivVol"":31.361857,""highestVolDivLTGB"":0.08414051925299644,""highestVolDivVol"":31.361857}]",2,创新药+医疗器械+辅助生殖,9336400,101953488,310.6083717612663,3.166575946366362,0,3219676100.000,2天2板,一字涨停||缩量涨停,17,600774
603115.SH,海星股份,19.64,10.028011204,涨停, 09:30:26, 09:41:50,"[{""code"":""603115.SH"",""time"":1752802226000,""openTime"":1752802256000,""duration"":27000,""updatedTime"":1752802256000,""firstVol"":466874.0,""highestVol"":2460174.0,""firstVolDivLTGB"":0.001951814381270903,""firstVolDivVol"":0.060928,""highestVolDivLTGB"":0.010285008361204013,""highestVolDivVol"":0.316307},{""code"":""603115.SH"",""time"":1752802283000,""openTime"":1752802868000,""duration"":582000,""updatedTime"":1752802868000,""firstVol"":2334674.0,""highestVol"":9714500.0,""firstVolDivLTGB"":0.00976034280936455,""firstVolDivVol"":0.155782,""highestVolDivLTGB"":0.04061245819397993,""highestVolDivVol"":0.619599},{""code"":""603115.SH"",""time"":1752802910000,""openTime"":null,""duration"":13698000,""updatedTime"":1752823883000,""firstVol"":100800.0,""highestVol"":8427800.0,""firstVolDivLTGB"":4.2140468227424747E-4,""firstVolDivVol"":0.004387,""highestVolDivLTGB"":0.03523327759197324,""highestVolDivVol"":0.359172}]",3,电极箔+可应用AI服务器+专精特新,4122500,80965900,16.101351376949687,1.7234531772575252,2,4697888000.000,3天3板,放量涨停,17,603115
688585.SH,上纬新材,33.47,20.007171029,涨停, 09:25:04, 09:25:04,"[{""code"":""688585.SH"",""time"":1752801904000,""openTime"":null,""duration"":14415000,""updatedTime"":1752823912000,""firstVol"":5.7081174E7,""highestVol"":5.7081174E7,""firstVolDivLTGB"":0.14151360934272872,""firstVolDivVol"":59.969736,""highestVolDivLTGB"":0.14151360934272872,""highestVolDivVol"":59.969736}]",8,智元机器人核心团队持股平台拟入主,28069027,939470333.69,386.5407944122469,6.958772994943139,0,13500517000.000,8天8板,一字涨停||放量涨停,17,688585
002010.SZ,传化智联,6.52,9.949409781,涨停, 14:11:12, 14:45:42,"[{""code"":""002010.SZ"",""time"":1752819072000,""openTime"":1752821118000,""duration"":2043000,""updatedTime"":1752821118000,""firstVol"":1.226215E8,""highestVol"":1.239536E8,""firstVolDivLTGB"":0.044092915940642824,""firstVolDivVol"":0.767172,""highestVolDivLTGB"":0.044571919812920774,""highestVolDivVol"":0.766004},{""code"":""002010.SZ"",""time"":1752821142000,""openTime"":null,""duration"":858000,""updatedTime"":1752824655000,""firstVol"":3497100.0,""highestVol"":1.08004E7,""firstVolDivLTGB"":0.0012575065248428866,""firstVolDivVol"":0.018568,""highestVolDivLTGB"":0.0038836674590126425,""highestVolDivVol"":0.056748}]",1,中报预增+公路港物流+人形机器人材料,5772700,37638004,2.990175470729773,0.20757793360099888,1,18131987000.000,首板涨停,放量涨停,33,002010
000691.SZ,*ST亚太,5.79,5.081669691,涨停, 14:31:45, 14:45:57,"[{""code"":""000691.SZ"",""time"":1752820305000,""openTime"":1752820626000,""duration"":318000,""updatedTime"":1752820626000,""firstVol"":221200.0,""highestVol"":1682600.0,""firstVolDivLTGB"":6.842577412070406E-4,""firstVolDivVol"":0.008792,""highestVolDivLTGB"":0.005204937049525165,""highestVolDivVol"":0.066469},{""code"":""000691.SZ"",""time"":1752820656000,""openTime"":1752820683000,""duration"":24000,""updatedTime"":1752820683000,""firstVol"":43400.0,""highestVol"":658500.0,""firstVolDivLTGB"":1.3425310112290037E-4,""firstVolDivVol"":0.001605,""highestVolDivLTGB"":0.0020369969375444675,""highestVolDivVol"":0.024339},{""code"":""000691.SZ"",""time"":1752820722000,""openTime"":1752820749000,""duration"":24000,""updatedTime"":1752820749000,""firstVol"":111200.0,""highestVol"":659300.0,""firstVolDivLTGB"":3.4398490425959725E-4,""firstVolDivVol"":0.004077,""highestVolDivLTGB"":0.0020394716490859032,""highestVolDivVol"":0.024138},{""code"":""000691.SZ"",""time"":1752821058000,""openTime"":1752821097000,""duration"":36000,""updatedTime"":1752821097000,""firstVol"":50200.0,""highestVol"":167500.0,""firstVolDivLTGB"":1.5528814922510594E-4,""firstVolDivVol"":0.001762,""highestVolDivLTGB"":5.181427289881524E-4,""highestVolDivVol"":0.005878},{""code"":""000691.SZ"",""time"":1752821157000,""openTime"":null,""duration"":843000,""updatedTime"":1752824661000,""firstVol"":195970.0,""highestVol"":715870.0,""firstVolDivLTGB"":6.062115259690042E-4,""firstVolDivVol"":0.006829,""highestVolDivLTGB"":0.0022144646889596933,""highestVolDivVol"":0.024939}]",3,重整+精细化工+ST板块,25570,148050.3,0.08557569315642112,0.007909796764314659,4,1871733300.000,3天3板,放量涨停,33,000691
872392.BJ,佳合科技,33.76,29.996149403,涨停, 14:05:48, 14:06:27,"[{""code"":""872392.BJ"",""time"":1752818748000,""openTime"":1752818781000,""duration"":30000,""updatedTime"":1752818781000,""firstVol"":85809.0,""highestVol"":385920.0,""firstVolDivLTGB"":0.002358044402430345,""firstVolDivVol"":0.008322,""highestVolDivLTGB"":0.010605140437319147,""highestVolDivVol"":0.037401},{""code"":""872392.BJ"",""time"":1752818787000,""openTime"":null,""duration"":3213000,""updatedTime"":1752823800000,""firstVol"":230605.0,""highestVol"":1039029.0,""firstVolDivLTGB"":0.006337060558011975,""firstVolDivVol"":0.021908,""highestVolDivLTGB"":0.028552675330242732,""highestVolDivVol"":0.096007}]",1,业绩增长+国际拓展+认证体系,772014,26063192.64,6.988915617888149,2.1215062421166313,1,1228523020.000,首板涨停,放量涨停,151,872392
603721.SH,*ST天择,20.54,5.010224949,涨停, 13:00:23, 13:20:08,"[{""code"":""603721.SH"",""time"":1752814823000,""openTime"":1752814847000,""duration"":21000,""updatedTime"":1752814847000,""firstVol"":396900.0,""highestVol"":571100.0,""firstVolDivLTGB"":0.003053076923076923,""firstVolDivVol"":0.079718,""highestVolDivLTGB"":0.004393076923076923,""highestVolDivVol"":0.114681},{""code"":""603721.SH"",""time"":1752814859000,""openTime"":1752814872000,""duration"":9000,""updatedTime"":1752814872000,""firstVol"":24000.0,""highestVol"":24000.0,""firstVolDivLTGB"":1.846153846153846E-4,""firstVolDivVol"":0.004292,""highestVolDivLTGB"":1.846153846153846E-4,""highestVolDivVol"":0.004292},{""code"":""603721.SH"",""time"":1752815564000,""openTime"":1752815966000,""duration"":399000,""updatedTime"":1752815966000,""firstVol"":86200.0,""highestVol"":509800.0,""firstVolDivLTGB"":6.63076923076923E-4,""firstVolDivVol"":0.013475,""highestVolDivLTGB"":0.0039215384615384615,""highestVolDivVol"":0.079017},{""code"":""603721.SH"",""time"":1752816008000,""openTime"":null,""duration"":5994000,""updatedTime"":1752823892000,""firstVol"":25300.0,""highestVol"":474100.0,""firstVolDivLTGB"":1.946153846153846E-4,""firstVolDivVol"":0.003663,""highestVolDivLTGB"":0.003646923076923077,""highestVolDivVol"":0.066016}]",1,视频内容制作+体育赛事+国企改革+ST板块,432900,8891766,5.936480074600258,0.333,3,2670200000.000,首板涨停,放量涨停,22,603721
002652.SZ,扬子新材,3.62,10.030395137,涨停, 09:53:30, 09:53:30,"[{""code"":""002652.SZ"",""time"":1752803610000,""openTime"":null,""duration"":12996000,""updatedTime"":1752824694000,""firstVol"":1.198044E8,""highestVol"":1.198044E8,""firstVolDivLTGB"":0.23396372328458942,""firstVolDivVol"":15.95299,""highestVolDivLTGB"":0.23396372328458942,""highestVolDivVol"":15.95299}]",1,建筑装饰+低空经济+半导体,15847760,57368891.2,80.01679125889152,3.094878765154356,0,1853671700.000,首板涨停,放量涨停,33,002652
601003.SH,柳钢股份,6.13,10.053859964,涨停, 14:47:49, 14:47:49,"[{""code"":""601003.SH"",""time"":1752821269000,""openTime"":null,""duration"":735000,""updatedTime"":1752823879000,""firstVol"":1.009048E7,""highestVol"":1.81122E7,""firstVolDivLTGB"":0.003937297788990543,""firstVolDivVol"":0.043721,""highestVolDivLTGB"":0.0070673669650754495,""highestVolDivVol"":0.076848}]",2,钢铁+高端化转型+国企+中报预增,10462280,64133776.4,4.346257021538845,0.408237387238268,0,15709922000.000,14天8板,放量涨停,17,601003
000626.SZ,远大控股,7.9,10.027855153,涨停, 13:08:51, 13:10:42,"[{""code"":""000626.SZ"",""time"":1752815331000,""openTime"":1752815349000,""duration"":15000,""updatedTime"":1752815349000,""firstVol"":2.90668E7,""highestVol"":2.90668E7,""firstVolDivLTGB"":0.057440849454888476,""firstVolDivVol"":2.206828,""highestVolDivLTGB"":0.057440849454888476,""highestVolDivVol"":2.206828},{""code"":""000626.SZ"",""time"":1752815355000,""openTime"":1752815433000,""duration"":75000,""updatedTime"":1752815433000,""firstVol"":2851300.0,""highestVol"":8074300.0,""firstVolDivLTGB"":0.005634644819888103,""firstVolDivVol"":0.203087,""highestVolDivLTGB"":0.015956164791225937,""highestVolDivVol"":0.560334},{""code"":""000626.SZ"",""time"":1752815442000,""openTime"":null,""duration"":6558000,""updatedTime"":1752824652000,""firstVol"":307300.0,""highestVol"":8182100.0,""firstVolDivLTGB"":6.072761032341788E-4,""firstVolDivVol"":0.019991,""highestVolDivLTGB"":0.01616919558826025,""highestVolDivVol"":0.517268}]",1,贸易+生物农药+统一大市场+业绩扭亏,3015800,23824820,15.855274226110364,0.595972428289501,2,3997638000.000,首板涨停,放量涨停,33,000626
600230.SH,沧州大化,13.75,10,涨停, 09:35:41, 09:54:23,"[{""code"":""600230.SH"",""time"":1752802541000,""openTime"":1752802724000,""duration"":180000,""updatedTime"":1752802724000,""firstVol"":1.06314E7,""highestVol"":1.43918E7,""firstVolDivLTGB"":0.025682128545365557,""firstVolDivVol"":0.414917,""highestVolDivLTGB"":0.03476607573783246,""highestVolDivVol"":0.533459},{""code"":""600230.SH"",""time"":1752802868000,""openTime"":1752802880000,""duration"":9000,""updatedTime"":1752802880000,""firstVol"":2888770.0,""highestVol"":2888770.0,""firstVolDivLTGB"":0.006978362443139724,""firstVolDivVol"":0.07299,""highestVolDivLTGB"":0.006978362443139724,""highestVolDivVol"":0.07299},{""code"":""600230.SH"",""time"":1752803663000,""openTime"":null,""duration"":12948000,""updatedTime"":1752823883000,""firstVol"":9476856.0,""highestVol"":2.0088356E7,""firstVolDivLTGB"":0.022893112289813087,""firstVolDivVol"":0.183281,""highestVolDivLTGB"":0.04852716867553337,""highestVolDivVol"":0.380165}]",2,除权除息日+共聚硅PC+化工+国企改革,4542601,62460763.75,7.762930019592054,1.0973499521446484,2,5691964000.000,2天2板,放量涨停,17,600230
600792.SH,云煤能源,4.05,10.054347826,涨停, 09:31:33, 09:31:33,"[{""code"":""600792.SH"",""time"":1752802293000,""openTime"":null,""duration"":14331000,""updatedTime"":1752823899000,""firstVol"":7.446E7,""highestVol"":7.69115E7,""firstVolDivLTGB"":0.0702540241438512,""firstVolDivVol"":6.200092,""highestVolDivLTGB"":0.07256704778323678,""highestVolDivVol"":6.089685}]",1,煤化工+焦炭+云南国企,11923284,48289300.2,41.07749671022668,1.1249780848912094,0,4292465900.000,首板涨停,缩量涨停,17,600792
000751.SZ,锌业股份,3.53,9.968847352,涨停, 10:06:06, 10:17:39,"[{""code"":""000751.SZ"",""time"":1752804366000,""openTime"":1752804390000,""duration"":21000,""updatedTime"":1752804390000,""firstVol"":1.253745E8,""highestVol"":1.310967E8,""firstVolDivLTGB"":0.08892636099717476,""firstVolDivVol"":3.346609,""highestVolDivLTGB"":0.09298503658828805,""highestVolDivVol"":3.451935},{""code"":""000751.SZ"",""time"":1752804396000,""openTime"":1752804438000,""duration"":39000,""updatedTime"":1752804438000,""firstVol"":3498000.0,""highestVol"":2.522079E7,""firstVolDivLTGB"":0.0024810819645790594,""firstVolDivVol"":0.077684,""highestVolDivLTGB"":0.017888749914647197,""highestVolDivVol"":0.543306},{""code"":""000751.SZ"",""time"":1752805059000,""openTime"":null,""duration"":11565000,""updatedTime"":1752824676000,""firstVol"":8.7197933E7,""highestVol"":9.6822333E7,""firstVolDivLTGB"":0.061848261553708754,""firstVolDivVol"":0.912389,""highestVolDivLTGB"":0.068674712457052,""highestVolDivVol"":1.011557}]",1,铅锌冶炼+子公司曾涉足稀土,13779400,48641282,12.047478048351222,0.9773533682881845,2,4976836800.000,首板涨停,放量涨停,33,000751
600343.SH,航天动力,13.81,10.039840637,涨停, 13:32:08, 13:48:08,"[{""code"":""600343.SH"",""time"":1752816728000,""openTime"":1752816947000,""duration"":216000,""updatedTime"":1752816947000,""firstVol"":1.03855E7,""highestVol"":2.78226E7,""firstVolDivLTGB"":0.016272950014593085,""firstVolDivVol"":0.339656,""highestVolDivLTGB"":0.0435949910043828,""highestVolDivVol"":0.83088},{""code"":""600343.SH"",""time"":1752816959000,""openTime"":1752817613000,""duration"":651000,""updatedTime"":1752817613000,""firstVol"":7238100.0,""highestVol"":2.49154E7,""firstVolDivLTGB"":0.011341316210160919,""firstVolDivVol"":0.179653,""highestVolDivLTGB"":0.03903972449988855,""highestVolDivVol"":0.60983},{""code"":""600343.SH"",""time"":1752817637000,""openTime"":1752817667000,""duration"":27000,""updatedTime"":1752817667000,""firstVol"":1.28068E7,""highestVol"":1.36631E7,""firstVolDivLTGB"":0.020066864016839894,""firstVolDivVol"":0.276699,""highestVolDivLTGB"":0.021408593071531153,""highestVolDivVol"":0.294143},{""code"":""600343.SH"",""time"":1752817688000,""openTime"":null,""duration"":4314000,""updatedTime"":1752823886000,""firstVol"":429600.0,""highestVol"":2.3208201E7,""firstVolDivLTGB"":6.731365197890511E-4,""firstVolDivVol"":0.008979,""highestVolDivLTGB"":0.03636472917063495,""highestVolDivVol"":0.480113}]",1,中航系+流体动力+泵+氢能装备,3522291,48642838.71,6.558931431646163,0.5519047265885234,3,8813629700.000,首板涨停,放量涨停,17,600343
000698.SZ,沈阳化工,4.38,10.050251256,涨停, 11:06:51, 13:13:00,"[{""code"":""000698.SZ"",""time"":1752808011000,""openTime"":1752808191000,""duration"":177000,""updatedTime"":1752808191000,""firstVol"":1.26788534E8,""highestVol"":1.26788534E8,""firstVolDivLTGB"":0.16136800813650348,""firstVolDivVol"":6.079872,""highestVolDivLTGB"":0.16136800813650348,""highestVolDivVol"":6.079872},{""code"":""000698.SZ"",""time"":1752808314000,""openTime"":1752809088000,""duration"":771000,""updatedTime"":1752809088000,""firstVol"":7.03749E7,""highestVol"":7.79551E7,""firstVolDivLTGB"":0.08956848918061959,""firstVolDivVol"":1.843133,""highestVolDivLTGB"":0.09921606326863865,""highestVolDivVol"":2.037397},{""code"":""000698.SZ"",""time"":1752809133000,""openTime"":1752815565000,""duration"":1062000,""updatedTime"":1752815565000,""firstVol"":7262900.0,""highestVol"":1.4647591E7,""firstVolDivLTGB"":0.009243735764738878,""firstVolDivVol"":0.141422,""highestVolDivLTGB"":0.01864247900893132,""highestVolDivVol"":0.282516},{""code"":""000698.SZ"",""time"":1752815580000,""openTime"":null,""duration"":6420000,""updatedTime"":1752824667000,""firstVol"":1.244145E7,""highestVol"":1.294395E7,""firstVolDivLTGB"":0.0158346495656295,""firstVolDivVol"":0.200529,""highestVolDivLTGB"":0.016474198123613403,""highestVolDivVol"":0.208312}]",1,半年度扭亏+聚醚多元醇+央企,5084928,22271984.64,7.699986005058348,0.6471757949954168,3,3441411900.000,首板涨停,放量涨停,33,000698
600777.SH,*ST新潮,4.64,4.977375566,涨停, 09:25:02, 09:37:20,"[{""code"":""600777.SH"",""time"":1752801902000,""openTime"":1752802511000,""duration"":330000,""updatedTime"":1752802511000,""firstVol"":2.31194E7,""highestVol"":2.31194E7,""firstVolDivLTGB"":0.00363161271990355,""firstVolDivVol"":15.007725,""highestVolDivLTGB"":0.00363161271990355,""highestVolDivVol"":15.007725},{""code"":""600777.SH"",""time"":1752802529000,""openTime"":1752802628000,""duration"":96000,""updatedTime"":1752802628000,""firstVol"":1595520.0,""highestVol"":9536320.0,""firstVolDivLTGB"":2.506254801967401E-4,""firstVolDivVol"":0.063047,""highestVolDivLTGB"":0.001497972309535309,""highestVolDivVol"":0.369791},{""code"":""600777.SH"",""time"":1752802640000,""openTime"":null,""duration"":13983000,""updatedTime"":1752823898000,""firstVol"":3898322.0,""highestVol"":1.2978912E7,""firstVolDivLTGB"":6.123513482823883E-4,""firstVolDivVol"":0.123282,""highestVolDivLTGB"":0.0020387372470612917,""highestVolDivVol"":0.364603}]",3,油气开采+外销+股东博弈,9994712,46375463.68,25.89847897568525,0.15699768692514796,2,29538947000.000,9天8板,缩量涨停,22,600777
001324.SZ,长青科技,22.13,9.990059642,涨停, 10:47:36, 10:47:36,"[{""code"":""001324.SZ"",""time"":1752806856000,""openTime"":null,""duration"":9774000,""updatedTime"":1752824670000,""firstVol"":2.38317E7,""highestVol"":2.38317E7,""firstVolDivLTGB"":0.29186343284313243,""firstVolDivVol"":3.028121,""highestVolDivLTGB"":0.29186343284313243,""highestVolDivVol"":3.028121}]",1,机器人概念+三明治复合材料+高铁,2002304,44310987.52,20.742551400204885,2.452193167233288,0,1806994200.000,首板涨停,放量涨停,33,001324
600629.SH,华建集团,9.57,10,涨停, 14:09:20, 14:17:44,"[{""code"":""600629.SH"",""time"":1752818960000,""openTime"":1752819056000,""duration"":93000,""updatedTime"":1752819056000,""firstVol"":1.524512E7,""highestVol"":1.652311E7,""firstVolDivLTGB"":0.015995013414144672,""firstVolDivVol"":0.435797,""highestVolDivLTGB"":0.017335866565391943,""highestVolDivVol"":0.467421},{""code"":""600629.SH"",""time"":1752819143000,""openTime"":1752819164000,""duration"":18000,""updatedTime"":1752819164000,""firstVol"":9614400.0,""highestVol"":9614400.0,""firstVolDivLTGB"":0.010087323482462097,""firstVolDivVol"":0.224177,""highestVolDivLTGB"":0.010087323482462097,""highestVolDivVol"":0.224177},{""code"":""600629.SH"",""time"":1752819464000,""openTime"":null,""duration"":2538000,""updatedTime"":1752823889000,""firstVol"":7134373.0,""highestVol"":8933873.0,""firstVolDivLTGB"":0.0074853062380953106,""firstVolDivVol"":0.145535,""highestVolDivLTGB"":0.009373321986003713,""highestVolDivVol"":0.181607}]",1,上海微电子相关+工程设计+低空经济+上海国企,4649848,44499045.36,8.771638783953813,0.4878569741250563,2,9121330200.000,首板涨停,放量涨停,17,600629
605033.SH,美邦股份,23.36,9.981167608,涨停, 09:25:02, 09:25:02,"[{""code"":""605033.SH"",""time"":1752801902000,""openTime"":null,""duration"":14457000,""updatedTime"":1752823894000,""firstVol"":2.88597E7,""highestVol"":2.88597E7,""firstVolDivLTGB"":0.21345931952662722,""firstVolDivVol"":42.384638,""highestVolDivLTGB"":0.21345931952662722,""highestVolDivVol"":42.384638}]",2,新型绿色农药制剂+产能释放+西部大开发,22236700,519449312,1116.0760891387272,16.44726331360947,0,3158272000.000,2天2板,一字涨停||缩量涨停,17,605033
002808.SZ,*ST恒久,5.86,5.017921147,涨停, 09:34:12, 09:34:12,"[{""code"":""002808.SZ"",""time"":1752802452000,""openTime"":null,""duration"":14172000,""updatedTime"":1752824676000,""firstVol"":169708.0,""highestVol"":2461208.0,""firstVolDivLTGB"":9.082042220718264E-4,""firstVolDivVol"":0.038567,""highestVolDivLTGB"":0.013171326613930728,""highestVolDivVol"":0.531184}]",5,ST板块+并购重组+影像耗材+车联网,1438768,8431180.48,27.417748260674113,0.7699667500541151,0,1095005790.000,5天5板,缩量涨停,33,002808
002072.SZ,凯瑞德,6.31,9.930313589,涨停, 09:36:12, 09:36:12,"[{""code"":""002072.SZ"",""time"":1752802572000,""openTime"":null,""duration"":14034000,""updatedTime"":1752824694000,""firstVol"":8.39448E7,""highestVol"":8.39448E7,""firstVolDivLTGB"":0.26703325175510884,""firstVolDivVol"":18.500639,""highestVolDivLTGB"":0.26703325175510884,""highestVolDivVol"":18.500639}]",1,煤炭贸易+积极推动并购重组,12956050,81752675.5,181.96316088846442,4.121394251224349,0,1983617000.000,首板涨停,缩量涨停,33,002072
605118.SH,力鼎光电,31.13,10,涨停, 09:36:17, 09:36:17,"[{""code"":""605118.SH"",""time"":1752802577000,""openTime"":null,""duration"":14052000,""updatedTime"":1752823892000,""firstVol"":1.02205E7,""highestVol"":1.10826E7,""firstVolDivLTGB"":0.025104638481415618,""firstVolDivVol"":4.058331,""highestVolDivLTGB"":0.027222216763772487,""highestVolDivVol"":4.052583}]",1,光学镜头+虹膜识别+中报预增,2487700,77442101,54.221883173496074,0.6110543432338694,0,12673521100.000,首板涨停,缩量涨停,17,605118
002246.SZ,北化股份,17.79,10.018552876,涨停, 10:12:36, 13:29:06,"[{""code"":""002246.SZ"",""time"":1752804756000,""openTime"":1752805296000,""duration"":537000,""updatedTime"":1752805296000,""firstVol"":2.4570041E7,""highestVol"":2.6589241E7,""firstVolDivLTGB"":0.044751336834218926,""firstVolDivVol"":0.489994,""highestVolDivLTGB"":0.04842906367788414,""highestVolDivVol"":0.527269},{""code"":""002246.SZ"",""time"":1752805344000,""openTime"":1752805359000,""duration"":12000,""updatedTime"":1752805359000,""firstVol"":1.1149E7,""highestVol"":1.11907E7,""firstVolDivLTGB"":0.02030654545365662,""firstVolDivVol"":0.188866,""highestVolDivLTGB"":0.02038249692422954,""highestVolDivVol"":0.189473},{""code"":""002246.SZ"",""time"":1752805425000,""openTime"":1752805437000,""duration"":9000,""updatedTime"":1752805437000,""firstVol"":29300.0,""highestVol"":507800.0,""firstVolDivLTGB"":5.336638100207543E-5,""firstVolDivVol"":4.82E-4,""highestVolDivLTGB"":9.248958454898944E-4,""highestVolDivVol"":0.008342},{""code"":""002246.SZ"",""time"":1752805686000,""openTime"":1752805707000,""duration"":18000,""updatedTime"":1752805707000,""firstVol"":21100.0,""highestVol"":400600.0,""firstVolDivLTGB"":3.84310798342591E-5,""firstVolDivVol"":3.28E-4,""highestVolDivLTGB"":7.296441033935638E-4,""highestVolDivVol"":0.006221},{""code"":""002246.SZ"",""time"":1752805797000,""openTime"":1752805815000,""duration"":15000,""updatedTime"":1752805815000,""firstVol"":296400.0,""highestVol"":483100.0,""firstVolDivLTGB"":5.398564958708246E-4,""firstVolDivVol"":0.004519,""highestVolDivLTGB"":8.799078041673257E-4,""highestVolDivVol"":0.007365},{""code"":""002246.SZ"",""time"":1752806286000,""openTime"":1752815991000,""duration"":4338000,""updatedTime"":1752815991000,""firstVol"":779500.0,""highestVol"":1.09219E7,""firstVolDivLTGB"":0.0014197643000381501,""firstVolDivVol"":0.011247,""highestVolDivLTGB"":0.019892910466435758,""highestVolDivVol"":0.157066},{""code"":""002246.SZ"",""time"":1752816171000,""openTime"":1752816195000,""duration"":21000,""updatedTime"":1752816195000,""firstVol"":87900.0,""highestVol"":123600.0,""firstVolDivLTGB"":1.600991430062263E-4,""firstVolDivVol"":0.001154,""highestVolDivLTGB"":2.2512234443196327E-4,""highestVolDivVol"":0.001621},{""code"":""002246.SZ"",""time"":1752816216000,""openTime"":1752816228000,""duration"":9000,""updatedTime"":1752816228000,""firstVol"":55600.0,""highestVol"":59100.0,""firstVolDivLTGB"":1.0126862743055953E-4,""firstVolDivVol"":7.27E-4,""highestVolDivLTGB"":1.0764345109974943E-4,""highestVolDivVol"":7.73E-4},{""code"":""002246.SZ"",""time"":1752816546000,""openTime"":null,""duration"":5454000,""updatedTime"":1752824664000,""firstVol"":52300.0,""highestVol"":6310200.0,""firstVolDivLTGB"":9.525807939960905E-5,""firstVolDivVol"":6.64E-4,""highestVolDivLTGB"":0.011493260662092027,""highestVolDivVol"":0.079981}]",2,硝化棉+军工+中兵系+中报预增,5042047,89698016.13,6.2404728318374225,0.9183474444790835,8,9767329000.000,2天2板,放量涨停,33,002246
002265.SZ,建设工业,33.62,10.013089005,涨停, 09:30:00, 09:46:27,"[{""code"":""002265.SZ"",""time"":1752802200000,""openTime"":1752802221000,""duration"":18000,""updatedTime"":1752802221000,""firstVol"":1796147.0,""highestVol"":5452900.0,""firstVolDivLTGB"":0.0044558676661034646,""firstVolDivVol"":0.145936,""highestVolDivLTGB"":0.013527512389852047,""highestVolDivVol"":0.304386},{""code"":""002265.SZ"",""time"":1752802236000,""openTime"":1752802248000,""duration"":9000,""updatedTime"":1752802248000,""firstVol"":194564.0,""highestVol"":658264.0,""firstVolDivLTGB"":4.826728750975029E-4,""firstVolDivVol"":0.006535,""highestVolDivLTGB"":0.0016330162694701109,""highestVolDivVol"":0.021999},{""code"":""002265.SZ"",""time"":1752802263000,""openTime"":1752803034000,""duration"":768000,""updatedTime"":1752803034000,""firstVol"":4905900.0,""highestVol"":2.29984E7,""firstVolDivLTGB"":0.01217051899601591,""firstVolDivVol"":0.148689,""highestVolDivLTGB"":0.05705425387349361,""highestVolDivVol"":0.679252},{""code"":""002265.SZ"",""time"":1752803040000,""openTime"":1752803064000,""duration"":21000,""updatedTime"":1752803064000,""firstVol"":3794000.0,""highestVol"":8990400.0,""firstVolDivLTGB"":0.009412126025985927,""firstVolDivVol"":0.091645,""highestVolDivLTGB"":0.022303315188198176,""highestVolDivVol"":0.215461},{""code"":""002265.SZ"",""time"":1752803076000,""openTime"":1752803082000,""duration"":3000,""updatedTime"":1752803082000,""firstVol"":31079.0,""highestVol"":133800.0,""firstVolDivLTGB"":7.710054421761114E-5,""firstVolDivVol"":7.01E-4,""highestVolDivLTGB"":3.3193001114309884E-4,""highestVolDivVol"":0.003007},{""code"":""002265.SZ"",""time"":1752803133000,""openTime"":1752803166000,""duration"":30000,""updatedTime"":1752803166000,""firstVol"":850500.0,""highestVol"":9858400.0,""firstVolDivLTGB"":0.002109913860068801,""firstVolDivVol"":0.017403,""highestVolDivLTGB"":0.02445664291370049,""highestVolDivVol"":0.199364},{""code"":""002265.SZ"",""time"":1752803187000,""openTime"":null,""duration"":13440000,""updatedTime"":1752824673000,""firstVol"":682500.0,""highestVol"":1.29346E7,""firstVolDivLTGB"":0.0016931407519070625,""firstVolDivVol"":0.013128,""highestVolDivLTGB"":0.03208805621921918,""highestVolDivVol"":0.245212}]",2,兵装重组+军工+机器人,5587690,187858137.8,9.812016066750697,1.3861898385382527,6,13552122000.000,2天2板,T字涨停||缩量涨停,33,002265
600619.SH,海立股份,13.73,10.016025641,涨停, 14:44:37, 14:44:37,"[{""code"":""600619.SH"",""time"":1752821077000,""openTime"":null,""duration"":924000,""updatedTime"":1752823888000,""firstVol"":2.1789616E7,""highestVol"":3.0093916E7,""firstVolDivLTGB"":0.02761063335425975,""firstVolDivVol"":0.223239,""highestVolDivLTGB"":0.03813339715899037,""highestVolDivVol"":0.296912}]",1,光刻机概念+压缩机主业+上海国企+中报预增,11507092,157992373.16,10.873348864890795,1.458117014020511,0,10835370000.000,首板涨停,放量涨停,17,600619
003007.SZ,直真科技,34.31,10.003206156,涨停, 13:11:33, 13:11:33,"[{""code"":""003007.SZ"",""time"":1752815493000,""openTime"":null,""duration"":6507000,""updatedTime"":1752824697000,""firstVol"":1.9653819E7,""highestVol"":1.9790419E7,""firstVolDivLTGB"":0.26534961909679416,""firstVolDivVol"":2.772251,""highestVolDivLTGB"":0.2671938793888332,""highestVolDivVol"":2.770688}]",1,华为昇腾+算力+AI智能体+OSS系统,2044819,70157739.89,22.650294684817897,2.760745597442856,0,2541260600.000,首板涨停,放量涨停,33,003007
002167.SZ,东方锆业,11.86,10.018552876,涨停, 09:45:06, 09:45:06,"[{""code"":""002167.SZ"",""time"":1752803106000,""openTime"":null,""duration"":13509000,""updatedTime"":1752824685000,""firstVol"":1.0019595E8,""highestVol"":1.200796E8,""firstVolDivLTGB"":0.13222233490460372,""firstVolDivVol"":1.919283,""highestVolDivLTGB"":0.15846154546576838,""highestVolDivVol"":1.988291}]",1,固态电池+锆产品+中报预增,10159851,120495832.86,11.513893121036999,1.3407320570371088,0,8987316500.000,首板涨停,放量涨停,33,002167
002851.SZ,麦格米特,58.38,10.005652911,涨停, 09:25:00, 13:55:06,"[{""code"":""002851.SZ"",""time"":1752801900000,""openTime"":1752805959000,""duration"":3786000,""updatedTime"":1752805959000,""firstVol"":509735.0,""highestVol"":1.7153212E7,""firstVolDivLTGB"":0.001111613622988889,""firstVolDivVol"":0.182788,""highestVolDivLTGB"":0.037407170661650634,""highestVolDivVol"":1.988305},{""code"":""002851.SZ"",""time"":1752805965000,""openTime"":1752814968000,""duration"":3630000,""updatedTime"":1752814968000,""firstVol"":9264000.0,""highestVol"":1.06702E7,""firstVolDivLTGB"":0.020202631962429628,""firstVolDivVol"":0.461407,""highestVolDivLTGB"":0.023269227500595492,""highestVolDivVol"":0.529896},{""code"":""002851.SZ"",""time"":1752815106000,""openTime"":1752815145000,""duration"":36000,""updatedTime"":1752815145000,""firstVol"":480700.0,""highestVol"":3407400.0,""firstVolDivLTGB"":0.0010482950328518914,""firstVolDivVol"":0.01689,""highestVolDivLTGB"":0.0074307478571656645,""highestVolDivVol"":0.118755},{""code"":""002851.SZ"",""time"":1752815481000,""openTime"":1752815499000,""duration"":15000,""updatedTime"":1752815499000,""firstVol"":1134000.0,""highestVol"":1581700.0,""firstVolDivLTGB"":0.00247299057053057,""firstVolDivVol"":0.032457,""highestVolDivLTGB"":0.0034493202693194024,""highestVolDivVol"":0.045233},{""code"":""002851.SZ"",""time"":1752815505000,""openTime"":1752815514000,""duration"":6000,""updatedTime"":1752815514000,""firstVol"":90400.0,""highestVol"":114200.0,""firstVolDivLTGB"":1.971413999788038E-4,""firstVolDivVol"":0.002536,""highestVolDivLTGB"":2.4904367121216143E-4,""highestVolDivVol"":0.003201},{""code"":""002851.SZ"",""time"":1752815526000,""openTime"":1752815529000,""duration"":0,""updatedTime"":1752815529000,""firstVol"":9500.0,""highestVol"":9500.0,""firstVolDivLTGB"":2.0717293139365444E-5,""firstVolDivVol"":2.63E-4,""highestVolDivLTGB"":2.0717293139365444E-5,""highestVolDivVol"":2.63E-4},{""code"":""002851.SZ"",""time"":1752815571000,""openTime"":1752815580000,""duration"":6000,""updatedTime"":1752815580000,""firstVol"":600.0,""highestVol"":5200.0,""firstVolDivLTGB"":1.3084606193283439E-6,""firstVolDivVol"":1.6E-5,""highestVolDivLTGB"":1.133999203417898E-5,""highestVolDivVol"":1.41E-4},{""code"":""002851.SZ"",""time"":1752815583000,""openTime"":1752815586000,""duration"":0,""updatedTime"":1752815586000,""firstVol"":1200.0,""highestVol"":1200.0,""firstVolDivLTGB"":2.6169212386566878E-6,""firstVolDivVol"":3.3E-5,""highestVolDivLTGB"":2.6169212386566878E-6,""highestVolDivVol"":3.3E-5},{""code"":""002851.SZ"",""time"":1752815598000,""openTime"":1752815604000,""duration"":3000,""updatedTime"":1752815604000,""firstVol"":4600.0,""highestVol"":4600.0,""firstVolDivLTGB"":1.0031531414850636E-5,""firstVolDivVol"":1.24E-4,""highestVolDivLTGB"":1.0031531414850636E-5,""highestVolDivVol"":1.24E-4},{""code"":""002851.SZ"",""time"":1752815607000,""openTime"":1752815847000,""duration"":237000,""updatedTime"":1752815847000,""firstVol"":127400.0,""highestVol"":3601100.0,""firstVolDivLTGB"":2.77829804837385E-4,""firstVolDivVol"":0.003425,""highestVolDivLTGB"":0.007853162560438831,""highestVolDivVol"":0.096243},{""code"":""002851.SZ"",""time"":1752815874000,""openTime"":1752815898000,""duration"":21000,""updatedTime"":1752815898000,""firstVol"":51100.0,""highestVol"":203700.0,""firstVolDivLTGB"":1.1143722941279728E-4,""firstVolDivVol"":0.001325,""highestVolDivLTGB"":4.4422238026197277E-4,""highestVolDivVol"":0.005273},{""code"":""002851.SZ"",""time"":1752815997000,""openTime"":1752816042000,""duration"":42000,""updatedTime"":1752816042000,""firstVol"":104875.0,""highestVol"":2284775.0,""firstVolDivLTGB"":2.287080124201001E-4,""firstVolDivVol"":0.002651,""highestVolDivLTGB"":0.0049825635192098615,""highestVolDivVol"":0.057599},{""code"":""002851.SZ"",""time"":1752816069000,""openTime"":1752818037000,""duration"":1965000,""updatedTime"":1752818037000,""firstVol"":415400.0,""highestVol"":3298800.0,""firstVolDivLTGB"":9.0589090211499E-4,""firstVolDivVol"":0.010205,""highestVolDivLTGB"":0.0071939164850672345,""highestVolDivVol"":0.080272},{""code"":""002851.SZ"",""time"":1752818061000,""openTime"":1752818094000,""duration"":30000,""updatedTime"":1752818094000,""firstVol"":44135.0,""highestVol"":73735.0,""firstVolDivLTGB"":9.62481823900941E-5,""firstVolDivVol"":0.001013,""highestVolDivLTGB"":1.6079890627695905E-4,""highestVolDivVol"":0.001692},{""code"":""002851.SZ"",""time"":1752818106000,""openTime"":null,""duration"":3894000,""updatedTime"":1752824670000,""firstVol"":6700.0,""highestVol"":2044578.0,""firstVolDivLTGB"":1.461114358249984E-5,""firstVolDivVol"":1.53E-4,""highestVolDivLTGB"":0.004458749660241844,""highestVolDivVol"":0.04602}]",1,AI服务器电源+英伟达概念+海外拓展,1863153,108770872.14,4.177764226260431,0.4063103880472436,14,26770389000.000,首板涨停,T字涨停||放量涨停,33,002851
000993.SZ,闽东电力,11.23,9.990205681,涨停, 14:15:21, 14:15:21,"[{""code"":""000993.SZ"",""time"":1752819321000,""openTime"":null,""duration"":2679000,""updatedTime"":1752824691000,""firstVol"":4.90235E7,""highestVol"":6.0193386E7,""firstVolDivLTGB"":0.11148100210545335,""firstVolDivVol"":1.719537,""highestVolDivLTGB"":0.13688167901925336,""highestVolDivVol"":1.987708}]",1,电力+风电项目+一季报扭亏+国企改革,1831000,20562130,3.856659732051246,0.4163752381104676,0,4938365200.000,首板涨停,放量涨停,33,000993
002058.SZ,*ST威尔,15.31,5.006858711,涨停, 09:25:00, 11:27:39,"[{""code"":""002058.SZ"",""time"":1752801900000,""openTime"":1752802812000,""duration"":621000,""updatedTime"":1752802812000,""firstVol"":6056600.0,""highestVol"":6056600.0,""firstVolDivLTGB"":0.042343453649001966,""firstVolDivVol"":76.762991,""highestVolDivLTGB"":0.042343453649001966,""highestVolDivVol"":76.762991},{""code"":""002058.SZ"",""time"":1752802821000,""openTime"":1752802845000,""duration"":21000,""updatedTime"":1752802845000,""firstVol"":657968.0,""highestVol"":948068.0,""firstVolDivLTGB"":0.0046000458195235815,""firstVolDivVol"":0.14266,""highestVolDivLTGB"":0.006628219366327972,""highestVolDivVol"":0.20488},{""code"":""002058.SZ"",""time"":1752803154000,""openTime"":1752803364000,""duration"":207000,""updatedTime"":1752803364000,""firstVol"":376800.0,""highestVol"":1769600.0,""firstVolDivLTGB"":0.0026343184847841925,""firstVolDivVol"":0.042226,""highestVolDivLTGB"":0.012371788722595825,""highestVolDivVol"":0.195695},{""code"":""002058.SZ"",""time"":1752803367000,""openTime"":1752803409000,""duration"":39000,""updatedTime"":1752803409000,""firstVol"":449100.0,""highestVol"":688000.0,""firstVolDivLTGB"":0.0031397888309888026,""firstVolDivVol"":0.042101,""highestVolDivLTGB"":0.0048100082737036216,""highestVolDivVol"":0.063171},{""code"":""002058.SZ"",""time"":1752803445000,""openTime"":1752803505000,""duration"":57000,""updatedTime"":1752803505000,""firstVol"":104800.0,""highestVol"":561200.0,""firstVolDivLTGB"":7.326873068083423E-4,""firstVolDivVol"":0.009166,""highestVolDivLTGB"":0.003923512562794291,""highestVolDivVol"":0.04887},{""code"":""002058.SZ"",""time"":1752803613000,""openTime"":1752803637000,""duration"":21000,""updatedTime"":1752803637000,""firstVol"":41300.0,""highestVol"":65500.0,""firstVolDivLTGB"":2.887403222441273E-4,""firstVolDivVol"":0.003379,""highestVolDivLTGB"":4.579295667552139E-4,""highestVolDivVol"":0.005349},{""code"":""002058.SZ"",""time"":1752803700000,""openTime"":1752803745000,""duration"":42000,""updatedTime"":1752803745000,""firstVol"":113868.0,""highestVol"":139168.0,""firstVolDivLTGB"":7.960843344623313E-4,""firstVolDivVol"":0.009027,""highestVolDivLTGB"":9.729639991784674E-4,""highestVolDivVol"":0.011027},{""code"":""002058.SZ"",""time"":1752806154000,""openTime"":1752806202000,""duration"":45000,""updatedTime"":1752806202000,""firstVol"":6598.0,""highestVol"":17100.0,""firstVolDivLTGB"":4.6128538648105363E-5,""firstVolDivVol"":4.17E-4,""highestVolDivLTGB"":1.1955107773304058E-4,""highestVolDivVol"":0.00108},{""code"":""002058.SZ"",""time"":1752807861000,""openTime"":1752807864000,""duration"":0,""updatedTime"":1752807864000,""firstVol"":290.0,""highestVol"":290.0,""firstVolDivLTGB"":2.0274744176948405E-6,""firstVolDivVol"":1.7E-5,""highestVolDivLTGB"":2.0274744176948405E-6,""highestVolDivVol"":1.7E-5},{""code"":""002058.SZ"",""time"":1752807918000,""openTime"":1752808053000,""duration"":132000,""updatedTime"":1752808053000,""firstVol"":303300.0,""highestVol"":422000.0,""firstVolDivLTGB"":0.002120458589264983,""firstVolDivVol"":0.01796,""highestVolDivLTGB"":0.0029503248423007676,""highestVolDivVol"":0.024988},{""code"":""002058.SZ"",""time"":1752808056000,""openTime"":1752808062000,""duration"":0,""updatedTime"":1752808062000,""firstVol"":47390.0,""highestVol"":47390.0,""firstVolDivLTGB"":3.313172850157189E-4,""firstVolDivVol"":0.002776,""highestVolDivLTGB"":3.313172850157189E-4,""highestVolDivVol"":0.002776},{""code"":""002058.SZ"",""time"":1752808071000,""openTime"":1752808086000,""duration"":9000,""updatedTime"":1752808086000,""firstVol"":200.0,""highestVol"":3400.0,""firstVolDivLTGB"":1.39825821909989E-6,""firstVolDivVol"":1.2E-5,""highestVolDivLTGB"":2.377038972469813E-5,""highestVolDivVol"":1.99E-4},{""code"":""002058.SZ"",""time"":1752808203000,""openTime"":1752808317000,""duration"":111000,""updatedTime"":1752808317000,""firstVol"":18200.0,""highestVol"":19200.0,""firstVolDivLTGB"":1.2724149793808998E-4,""firstVolDivVol"":0.001062,""highestVolDivLTGB"":1.3423278903358944E-4,""highestVolDivVol"":0.00112},{""code"":""002058.SZ"",""time"":1752808377000,""openTime"":1752808698000,""duration"":315000,""updatedTime"":1752808698000,""firstVol"":16600.0,""highestVol"":354400.0,""firstVolDivLTGB"":1.1605543218529086E-4,""firstVolDivVol"":9.67E-4,""highestVolDivLTGB"":0.0024777135642450048,""highestVolDivVol"":0.020601},{""code"":""002058.SZ"",""time"":1752808701000,""openTime"":1752808719000,""duration"":3000,""updatedTime"":1752808719000,""firstVol"":50890.0,""highestVol"":52790.0,""firstVolDivLTGB"":3.55786803849967E-4,""firstVolDivVol"":0.00292,""highestVolDivLTGB"":3.690702569314159E-4,""highestVolDivVol"":0.003029},{""code"":""002058.SZ"",""time"":1752808734000,""openTime"":1752808746000,""duration"":9000,""updatedTime"":1752808746000,""firstVol"":58090.0,""highestVol"":58090.0,""firstVolDivLTGB"":4.06124099737563E-4,""firstVolDivVol"":0.003331,""highestVolDivLTGB"":4.06124099737563E-4,""highestVolDivVol"":0.003331},{""code"":""002058.SZ"",""time"":1752808752000,""openTime"":1752808773000,""duration"":18000,""updatedTime"":1752808773000,""firstVol"":200.0,""highestVol"":200.0,""firstVolDivLTGB"":1.39825821909989E-6,""firstVolDivVol"":1.1E-5,""highestVolDivLTGB"":1.39825821909989E-6,""highestVolDivVol"":1.1E-5},{""code"":""002058.SZ"",""time"":1752809259000,""openTime"":null,""duration"":7353000,""updatedTime"":1752824688000,""firstVol"":8390.0,""highestVol"":661889.0,""firstVolDivLTGB"":5.865693229124038E-5,""firstVolDivVol"":4.77E-4,""highestVolDivLTGB"":0.0046274586719090354,""highestVolDivVol"":0.036942}]",3,收购紫江新材+中报预增+锂电池铝塑膜,70100,1073231,0.3736715602893209,0.04900895057945114,17,2189867300.000,3天3板,T字涨停||放量涨停,33,002058
600829.SH,人民同泰,9.24,10,涨停, 09:25:02, 09:25:02,"[{""code"":""600829.SH"",""time"":1752801902000,""openTime"":null,""duration"":14457000,""updatedTime"":1752823892000,""firstVol"":4.08358E7,""highestVol"":4.09634E7,""firstVolDivLTGB"":0.07042007759983596,""firstVolDivVol"":11.746577,""highestVolDivLTGB"":0.0706401198642642,""highestVolDivVol"":10.557849}]",2,医药流通+民营医院+黑龙江自贸区,39356800,363656832,470.0273488349874,6.786958771669036,0,5358170600.000,2天2板,一字涨停||放量涨停,17,600829
600751.SH,海航科技,4.1,9.919571046,涨停, 09:32:19, 14:13:07,"[{""code"":""600751.SH"",""time"":1752802339000,""openTime"":1752805429000,""duration"":3087000,""updatedTime"":1752805429000,""firstVol"":5.4537932E7,""highestVol"":9.1247132E7,""firstVolDivLTGB"":0.0211946852321677,""firstVolDivVol"":0.619913,""highestVolDivLTGB"":0.03546071825895519,""highestVolDivVol"":0.997988},{""code"":""600751.SH"",""time"":1752805444000,""openTime"":1752806887000,""duration"":1440000,""updatedTime"":1752806887000,""firstVol"":2.68204E7,""highestVol"":3.56087E7,""firstVolDivLTGB"":0.010423019629729094,""firstVolDivVol"":0.163938,""highestVolDivLTGB"":0.013838353607296476,""highestVolDivVol"":0.217519},{""code"":""600751.SH"",""time"":1752806908000,""openTime"":1752814894000,""duration"":2604000,""updatedTime"":1752814894000,""firstVol"":5980281.0,""highestVol"":2.40765E7,""firstVolDivLTGB"":0.0023240736996575717,""firstVolDivVol"":0.030799,""highestVolDivLTGB"":0.009356677458769166,""highestVolDivVol"":0.120922},{""code"":""600751.SH"",""time"":1752815170000,""openTime"":1752818773000,""duration"":3600000,""updatedTime"":1752818773000,""firstVol"":4374920.0,""highestVol"":2.610382E7,""firstVolDivLTGB"":0.0017001937718488318,""firstVolDivVol"":0.01752,""highestVolDivLTGB"":0.0101445402854139,""highestVolDivVol"":0.103798},{""code"":""600751.SH"",""time"":1752818776000,""openTime"":1752818794000,""duration"":15000,""updatedTime"":1752818794000,""firstVol"":3493700.0,""highestVol"":3493700.0,""firstVolDivLTGB"":0.0013577315655390874,""firstVolDivVol"":0.012718,""highestVolDivLTGB"":0.0013577315655390874,""highestVolDivVol"":0.012718},{""code"":""600751.SH"",""time"":1752818851000,""openTime"":1752818875000,""duration"":21000,""updatedTime"":1752818875000,""firstVol"":232400.0,""highestVol"":421842.0,""firstVolDivLTGB"":9.03159446521693E-5,""firstVolDivVol"":8.36E-4,""highestVolDivLTGB"":1.639374299654062E-4,""highestVolDivVol"":0.001515},{""code"":""600751.SH"",""time"":1752819187000,""openTime"":null,""duration"":2814000,""updatedTime"":1752823897000,""firstVol"":419100.0,""highestVol"":1.83385E7,""firstVolDivLTGB"":1.6287182617781478E-4,""firstVolDivVol"":0.001426,""highestVolDivLTGB"":0.007126759685902783,""highestVolDivVol"":0.059422}]",2,商品贸易合作+航运主业+天津自贸区,8074200,33104220,2.576056166357956,0.313781841785949,6,10550075100.000,2天2板,放量涨停,17,600751
002757.SZ,南兴股份,20.02,10,涨停, 09:25:00, 09:49:39,"[{""code"":""002757.SZ"",""time"":1752801900000,""openTime"":1752802515000,""duration"":369000,""updatedTime"":1752802515000,""firstVol"":3.5717669E7,""highestVol"":3.6183144E7,""firstVolDivLTGB"":0.12663418708509994,""firstVolDivVol"":8.120548,""highestVolDivLTGB"":0.1282844920989416,""highestVolDivVol"":6.523534},{""code"":""002757.SZ"",""time"":1752802524000,""openTime"":1752803367000,""duration"":840000,""updatedTime"":1752803367000,""firstVol"":3.371655E7,""highestVol"":3.98915E7,""firstVolDivLTGB"":0.11953937701153249,""firstVolDivVol"":1.31181,""highestVolDivLTGB"":0.1414321767219822,""highestVolDivVol"":1.519346},{""code"":""002757.SZ"",""time"":1752803379000,""openTime"":null,""duration"":13278000,""updatedTime"":1752824643000,""firstVol"":2204700.0,""highestVol"":1.8521096E7,""firstVolDivLTGB"":0.0078165905022111,""firstVolDivVol"":0.063082,""highestVolDivLTGB"":0.06566508961951285,""highestVolDivVol"":0.499637}]",1,AI智能体+机器人概念+一季报盈利,3406000,68188120,8.056787912414814,1.2075705198226974,2,5646719500.000,首板涨停,T字涨停||放量涨停,33,002757
603176.SH,汇通集团,6.3,9.947643979,涨停, 14:03:56, 14:41:16,"[{""code"":""603176.SH"",""time"":1752818636000,""openTime"":1752818852000,""duration"":213000,""updatedTime"":1752818852000,""firstVol"":2.2151E7,""highestVol"":2.2151E7,""firstVolDivLTGB"":0.04796808493675949,""firstVolDivVol"":0.341387,""highestVolDivLTGB"":0.04796808493675949,""highestVolDivVol"":0.341387},{""code"":""603176.SH"",""time"":1752820876000,""openTime"":null,""duration"":1126000,""updatedTime"":1752823873000,""firstVol"":4167000.0,""highestVol"":5073200.0,""firstVolDivLTGB"":0.009023656265246571,""firstVolDivVol"":0.052632,""highestVolDivLTGB"":0.010986036228665444,""highestVolDivVol"":0.064046}]",1,工程施工+中标项目+订单增长+数字转型,3773100,23770530,4.7289497502809725,0.8170664135925567,1,2909253100.000,6天4板,放量涨停,17,603176
603196.SH,日播时尚,19.24,10.005717553,涨停, 10:09:57, 10:09:57,"[{""code"":""603196.SH"",""time"":1752804597000,""openTime"":null,""duration"":12009000,""updatedTime"":1752823884000,""firstVol"":1.59319E7,""highestVol"":1.59319E7,""firstVolDivLTGB"":0.06722653063496194,""firstVolDivVol"":2.114425,""highestVolDivLTGB"":0.06722653063496194,""highestVolDivVol"":2.114425}]",1,中报预增+锂电重组+女装设计,2790240,53684217.6,31.213810755421118,1.1773746686766564,0,4559654500.000,首板涨停,放量涨停,17,603196
000546.SZ,金圆股份,5.51,9.98003992,涨停, 09:32:24, 09:32:24,"[{""code"":""000546.SZ"",""time"":1752802344000,""openTime"":null,""duration"":14274000,""updatedTime"":1752824682000,""firstVol"":1.173814E8,""highestVol"":1.183482E8,""firstVolDivLTGB"":0.1684807275575317,""firstVolDivVol"":6.233711,""highestVolDivLTGB"":0.16986840198808562,""highestVolDivVol"":6.070321}]",1,盐湖提锂+政府补助+固废处理,14167100,78060721,30.584219888777593,2.0334425346607787,0,3838845700.000,首板涨停,放量涨停,33,000546
603496.SH,恒为科技,28.34,10.01552795,涨停, 11:27:47, 13:00:02,"[{""code"":""603496.SH"",""time"":1752809267000,""openTime"":1752809285000,""duration"":15000,""updatedTime"":1752809285000,""firstVol"":2.2881097E7,""highestVol"":2.4166197E7,""firstVolDivLTGB"":0.07145670370295963,""firstVolDivVol"":0.63744,""highestVolDivLTGB"":0.07547001696012878,""highestVolDivVol"":0.672268},{""code"":""603496.SH"",""time"":1752814802000,""openTime"":null,""duration"":7200000,""updatedTime"":1752823898000,""firstVol"":7728800.0,""highestVol"":2.6065E7,""firstVolDivLTGB"":0.024136717377642967,""firstVolDivVol"":0.183159,""highestVolDivLTGB"":0.0813998988779971,""highestVolDivVol"":0.577769}]",1,算力租赁+机器人概念+智能系统平台+华为,4034940,114350199.6,7.821583821583822,1.2600947937033786,1,9074729900.000,首板涨停,放量涨停,17,603496
002178.SZ,延华智能,7.79,10.028248588,涨停, 09:30:21, 09:33:06,"[{""code"":""002178.SZ"",""time"":1752802221000,""openTime"":1752802227000,""duration"":3000,""updatedTime"":1752802227000,""firstVol"":1.05401E7,""highestVol"":1.05401E7,""firstVolDivLTGB"":0.014808021068686202,""firstVolDivVol"":0.304962,""highestVolDivLTGB"":0.014808021068686202,""highestVolDivVol"":0.304962},{""code"":""002178.SZ"",""time"":1752802350000,""openTime"":1752802365000,""duration"":12000,""updatedTime"":1752802365000,""firstVol"":2.06247E7,""highestVol"":3.37621E7,""firstVolDivLTGB"":0.028976100049841302,""firstVolDivVol"":0.212353,""highestVolDivLTGB"":0.047433125693597825,""highestVolDivVol"":0.346203},{""code"":""002178.SZ"",""time"":1752802386000,""openTime"":null,""duration"":14247000,""updatedTime"":1752824667000,""firstVol"":3.6654399E7,""highestVol"":4.5016899E7,""firstVolDivLTGB"":0.051496580929216086,""firstVolDivVol"":0.32995,""highestVolDivLTGB"":0.06324524329360431,""highestVolDivVol"":0.394351}]",2,AI医疗智能助手+机器人概念+中报预增,18112300,141094817,14.205670115936881,2.544637337429105,2,5544790800.000,2天2板,放量涨停,33,002178
002199.SZ,*ST东晶,9.61,5.027322404,涨停, 13:17:27, 13:17:27,"[{""code"":""002199.SZ"",""time"":1752815847000,""openTime"":null,""duration"":6153000,""updatedTime"":1752824694000,""firstVol"":1837400.0,""highestVol"":3394400.0,""firstVolDivLTGB"":0.007547577082958236,""firstVolDivVol"":0.202929,""highestVolDivLTGB"":0.013943341488186262,""highestVolDivVol"":0.365414}]",1,ST板块+亏损收窄+石英晶体元器件,1370600,13171466,14.091425861889222,0.5630080085938042,0,2339481100.000,首板涨停,缩量涨停,33,002199
000758.SZ,中色股份,6.08,9.945750452,涨停, 10:03:27, 10:03:27,"[{""code"":""000758.SZ"",""time"":1752804207000,""openTime"":null,""duration"":12408000,""updatedTime"":1752824685000,""firstVol"":2.460795E8,""highestVol"":3.022997E8,""firstVolDivLTGB"":0.12452355298261952,""firstVolDivVol"":2.48309,""highestVolDivLTGB"":0.15297264790273057,""highestVolDivVol"":2.833499}]",1,稀土+铅锌+一带一路,22085404,134279256.32,15.139875563947477,1.1175871924059328,0,12015103400.000,首板涨停,放量涨停,33,000758
688350.SH,富淼科技,19.78,20.024271845,涨停, 09:49:32, 09:49:32,"[{""code"":""688350.SH"",""time"":1752803372000,""openTime"":null,""duration"":13236000,""updatedTime"":1752823911000,""firstVol"":8078110.0,""highestVol"":9001147.0,""firstVolDivLTGB"":0.06613259361893672,""firstVolDivVol"":1.733089,""highestVolDivLTGB"":0.0736891669778341,""highestVolDivVol"":1.891491}]",1,股份转让+战略合作+水溶性高分子,1589109,31432576.02,23.449163369400367,1.3009466287683,0,2416131100.000,首板涨停,放量涨停,17,688350
300283.SZ,温州宏丰,8.63,20.027816412,涨停, 09:54:30, 09:54:30,"[{""code"":""300283.SZ"",""time"":1752803670000,""openTime"":null,""duration"":12984000,""updatedTime"":1752824706000,""firstVol"":1.6312586E8,""highestVol"":1.6678136E8,""firstVolDivLTGB"":0.5304514724203288,""firstVolDivVol"":2.217139,""highestVolDivLTGB"":0.5423384004489841,""highestVolDivVol"":2.261322}]",1,数据中心+铜箔投产+一季报增长,14309633,123492132.79,16.011611950120457,4.653195940021114,0,2653920800.000,首板涨停,放量涨停,33,300283
